risk_class,f1_score
HIGH,0.9421677518192263
LOW,0.9390432098765432
MEDIUM,0.8863900736719659
