risk_class,f1_score
HIGH,0.9454406714994277
LOW,0.9289026275115919
MEDIUM,0.8805912096460521
