{
    "validation_accuracy": 0.9226419943459265,
    "macro_f1": 0.9225336784559118,
    "weighted_f1": 0.9225336784559118
}